source,site,lon,lat,zone
REPHY,Strouanne,1.6769898852,50.9059712744,NA
REPHY,Bouchots Tardinghen,1.614833,50.876817,NA
REPHY,Parc 10 n,1.5986589559,50.7634662855,NA
REPHY,At so,1.4745046439,50.2312831163,NA
REPHY,Le Hourdel,1.5025052779,50.2297833943,NA
REPHY,Au large d'Ault,1.4418408049,50.1042791879,NA
REPHY,Antifer ponton pétrolier,0.1316590692,49.6657520189,BAY_OF_SEINE
REPHY,Blonville,0.0199990439,49.339075211,BAY_OF_SEINE
REPHY,Ouistreham 1 mille,-0.2428388157,49.3109047477,BAY_OF_SEINE
REPHY,Ouistreham 2 milles,-0.2436726086,49.32723851,BAY_OF_SEINE
REPHY,Ouistreham 3 milles,-0.2445063974,49.3434056013,BAY_OF_SEINE
REPHY,Ouistreham 4 milles,-0.2455068793,49.3604060468,BAY_OF_SEINE
REPHY,Ouistreham 6 milles,-0.2471744861,49.3937402578,BAY_OF_SEINE
REPHY,Cabourg,-0.1170026166,49.2984058683,BAY_OF_SEINE
REPHY,Franceville parking,-0.2006707974,49.2922380683,BAY_OF_SEINE
REPHY,Ouistreham enrochement ouest,-0.2475051381,49.2947375931,BAY_OF_SEINE
REPHY,Bouée de Lion 3 milles,-0.2655069276,49.3474054654,BAY_OF_SEINE
REPHY,Hermanville (a),-0.3028397431,49.3007371129,BAY_OF_SEINE
REPHY,Bouée de Luc 2 milles,-0.3080077529,49.3464049456,BAY_OF_SEINE
REPHY,Villerville (a),0.1201658815,49.4075782138,BAY_OF_SEINE
REPHY,St Aubin,-0.387675866,49.3409038731,BAY_OF_SEINE
REPHY,Graye sur mer,-0.4858447,49.3484029333,BAY_OF_SEINE
REPHY,Bernières (a),-0.4175,49.3443333333,BAY_OF_SEINE
REPHY,St Aubin les Essarts,-0.3890098612,49.3642378176,BAY_OF_SEINE
REPHY,Luc sur mer,-0.3466745332,49.3220705102,BAY_OF_SEINE
REPHY,Bouée des Essarts 3 milles,-0.358009608,49.3777385407,BAY_OF_SEINE
REPHY,Port en Bessin,-0.7531834463,49.3515665687,BAY_OF_SEINE
REPHY,Roches de Grandcamp,-1.0485238088,49.3943975916,BAY_OF_SEINE
REPHY,Ste Marie du Mont nord,-1.154166667,49.406,BAY_OF_SEINE
REPHY,Grandcamp prise eau base,-1.0916910251,49.3833967903,BAY_OF_SEINE
REPHY,Ravenoville (a),-1.2096952416,49.451730567,BAY_OF_SEINE
REPHY,St Vaast la Hougue,-1.2860333721,49.5700661802,BAY_OF_SEINE
REPHY,Gatteville phare,-1.2620363993,49.6950698379,BAY_OF_SEINE
REPHY,Barfleur gisement,-1.2518698687,49.7070702829,BAY_OF_SEINE
REPHY,Moulard,-1.2382014527,49.6544023534,BAY_OF_SEINE
REPHY,Reville (a),-1.2113663241,49.6092347841,BAY_OF_SEINE
REPHY,Agon (a),-1.6290258097,49.0527150237,NA
REPHY,Breville (a),-1.5825,48.86183333,NA
REPHY,Mont St Michel,-1.764511,48.652704,NA
REPHY,Rance,-2.0345214345,48.6020318346,NA
REPHY,St Cast,-2.24367214,48.64318061,NA
REPHY,Jospinet,-2.6040308349,48.550690457,NA
REPHY,Bréhat,-3.01242965,48.82254709,NA
REPHY,Pont de Lézardrieux - 152E08,-3.1063801,48.7785039,NA
REPHY,Roche Jaune,-3.2033828266,48.8241903504,NA
REPHY,Le Diben,-3.8287246535,48.7126799578,NA
REPHY,Eaux profondes,-3.8935581274,48.6746782032,NA
REPHY,Ile Callot,-3.9345593828,48.6930115095,NA
REPHY,Bloscon,-3.9705608649,48.7228451702,NA
REPHY,Tromeal,-3.9743936145,48.6991778521,NA
REPHY,Pempoul,-3.9697264717,48.68501088,NA
REPHY,Goueles,-3.88805861,48.6958454772,NA
REPHY,Ile Blanche,-3.8690576927,48.6751785119,NA
REPHY,Pen al Lann,-3.8942835000000002,48.6649155,NA
REPHY,Port de Morlaix,-3.8382214883,48.5911767414,NA
REPHY,Le Dourduff,-3.8488894288,48.6305109485,NA
REPHY,Ker Armel,-3.8575567303,48.6478446195,NA
REPHY,Locquenolé,-3.8557225258,48.6173438637,NA
REPHY,Lannuguy,-3.8553889029,48.6070102711,NA
REPHY,Le Frout,-3.8860572106,48.6463442372,NA
REPHY,Roch Glas,-3.893890921,48.6548443595,NA
REPHY,Pors Doun,-3.9525586693,48.6551769927,NA
REPHY,Le Varquez,-3.9290584784,48.6638441645,NA
REPHY,Passe aux Moutons,-3.9312254831,48.6746777482,NA
REPHY,Penzornou,-3.9428919682,48.660343908,NA
REPHY,Goulven,-4.3013978285,48.6363389552,NA
REPHY,Le Vill,-4.6055682864,48.5750003691,NA
REPHY,Poulloc,-4.5890686353,48.5983344941,NA
REPHY,Aber Wrac'h (a),-4.5632348559,48.5990014921,NA
REPHY,Prat ar Coum,-4.5897343878,48.5648336379,NA
REPHY,Paluden,-4.5217338234,48.5886684019,NA
REPHY,Lanildut,-4.7599014685,48.4693291568,NA
REPHY,Aber Wrach - Paluden,-4.51723395695032,48.5867793200563,NA
REPHY,Ile de Sein,-4.8638917087,48.0431506003,NA
REPHY,Dinan Kerloc'h,-4.5567253442,48.2561596115,NA
REPHY,Basse Jaune,-4.726723741,48.0849866291,NA
REPHY,Le Passage (a),-4.3838927272,48.3963318846,NA
REPHY,Pen an Trein (a),-4.3208920977,48.4148331128,NA
REPHY,Le Passage (b),-4.384965,48.391067,NA
REPHY,Tinduff,-4.3657240763,48.3354972422,NA
REPHY,Landevennec (a),-4.269221227,48.2944973792,NA
REPHY,Le Prioldy,-4.2270537104,48.291164471,NA
REPHY,Camaret (a),-4.5853931117,48.2778264725,NA
REPHY,Kervel,-4.285148,48.115657,NA
REPHY,Morgat 1,-4.500556445,48.2108258258,NA
REPHY,Morgat 2,-4.4942233006,48.2219928477,NA
REPHY,Rosmeur,-4.3188833929,48.094491787,NA
REPHY,Tronoen,-4.349061,47.8526,SOUTHERN_BRITTANY
REPHY,Treguennec Nord,-4.3672120003,47.884986022,SOUTHERN_BRITTANY
REPHY,La Torche,-4.3492104385,47.8381517522,SOUTHERN_BRITTANY
REPHY,Les Glénan,-3.9867012004,47.7333201782,SOUTHERN_BRITTANY
REPHY,Moutons,-4.0287032344,47.7821542102,SOUTHERN_BRITTANY
REPHY,Le Letty,-4.0763729685,47.8661557093,SOUTHERN_BRITTANY
REPHY,Ile Chevalier,-4.176366,47.855182,SOUTHERN_BRITTANY
REPHY,Penfoulic,-3.98165,47.8929,SOUTHERN_BRITTANY
REPHY,Moulin Mer,-3.8863693247,47.8574910978,SOUTHERN_BRITTANY
REPHY,Le Scoré,-3.9542043536000002,47.8754907328,SOUTHERN_BRITTANY
REPHY,Kerist,-3.9787053971,47.8983243376,SOUTHERN_BRITTANY
REPHY,Beg Meil,-3.9877043626,47.8529897774,SOUTHERN_BRITTANY
REPHY,Le Henant,-3.7563664102,47.835825445,SOUTHERN_BRITTANY
REPHY,L'Ile,-3.7006982393,47.8168256381,SOUTHERN_BRITTANY
REPHY,Trévignon,-3.8322000749,47.7963235679,SOUTHERN_BRITTANY
REPHY,Poulguin,-3.7508657555,47.8146583213,SOUTHERN_BRITTANY
REPHY,Merrien port,-3.6473630429,47.782492091500004,SOUTHERN_BRITTANY
REPHY,Ile Kerner,-3.3161882905,47.702660712,SOUTHERN_BRITTANY
REPHY,Mané Hellec,-3.1741855991,47.6986622885,SOUTHERN_BRITTANY
REPHY,Port Etel,-3.2071851116,47.6564941943,SOUTHERN_BRITTANY
REPHY,Kerdonis,-3.0556734407,47.3074874435,SOUTHERN_BRITTANY
REPHY,Citadelle,-3.1526762482,47.3488206451,SOUTHERN_BRITTANY
REPHY,Men er Roue,-3.093748,47.534765,SOUTHERN_BRITTANY
REPHY,Le Lac,-3.026680688,47.6126619059,SOUTHERN_BRITTANY
REPHY,Méaban,-2.934365,47.513917,SOUTHERN_BRITTANY
REPHY,Les Boureseaux,-2.9366775082,47.5528281583,SOUTHERN_BRITTANY
REPHY,Karrec Rouz Eau,-2.98516,47.5664,SOUTHERN_BRITTANY
REPHY,Kerivaud,-2.9458449782,47.5776619941,SOUTHERN_BRITTANY
REPHY,Le Perick,-2.88243,47.59322,SOUTHERN_BRITTANY
REPHY,Creizic,-2.86971,47.58175,SOUTHERN_BRITTANY
REPHY,Creizic 2,-2.8663435558,47.5789962919,SOUTHERN_BRITTANY
REPHY,La Turballe,-2.515831229,47.3468280253,SOUTHERN_BRITTANY
REPHY,Piriac sémaphore,-2.5579993257,47.3728281703,SOUTHERN_BRITTANY
REPHY,Le Marescle,-2.4971671438,47.4628310812,SOUTHERN_BRITTANY
REPHY,Ouest Loscolo,-2.538268,47.457596,SOUTHERN_BRITTANY
REPHY,Port au Loup,-2.5353325654,47.3856620807,SOUTHERN_BRITTANY
REPHY,Ile Dumet (a),-2.590322,47.42117,SOUTHERN_BRITTANY
REPHY,Pointe du Bile,-2.48763,47.43974,SOUTHERN_BRITTANY
REPHY,Pointe Castelli,-2.5598328271,47.3781616126,SOUTHERN_BRITTANY
REPHY,Pont Mahé Eau,-2.47915,47.43228,SOUTHERN_BRITTANY
REPHY,Penerf,-2.616504012,47.5154976511,SOUTHERN_BRITTANY
REPHY,Pointe er Fosse Eau,-2.63787,47.50887,SOUTHERN_BRITTANY
REPHY,Le Halguen,-2.492189,47.501564,SOUTHERN_BRITTANY
REPHY,Le Scal,-2.4470003565,47.4946657798,SOUTHERN_BRITTANY
REPHY,Trehiguier,-2.439000196,47.4941658605,SOUTHERN_BRITTANY
REPHY,Kervoyal Eau,-2.52518,47.50615,SOUTHERN_BRITTANY
REPHY,Pointe Pen Bé,-2.4589987205,47.4211638367,SOUTHERN_BRITTANY
REPHY,Le Croisic (a),-2.5141633556,47.2999935692,SOUTHERN_BRITTANY
REPHY,Pointe de Chemoulin (a),-2.3016577218,47.2311610212,SOUTHERN_BRITTANY
REPHY,Port Lin,-2.5088295232,47.2839932414,SOUTHERN_BRITTANY
REPHY,Bonne Source,-2.3364921796,47.2504944223,SOUTHERN_BRITTANY
REPHY,Beauvoir - le Gois,-2.113646771,46.9278225157,SOUTHERN_BRITTANY
REPHY,Coupelasse-Fiol,-2.0344809216,47.0208256656,SOUTHERN_BRITTANY
REPHY,Gresseloup,-2.1336475796,46.9458227192,SOUTHERN_BRITTANY
REPHY,Bois de la Chaise (a),-2.2121504309,47.0031565314,SOUTHERN_BRITTANY
REPHY,Claire Durand,-1.9953144514,47.058327022,SOUTHERN_BRITTANY
REPHY,La Guérinière,-2.2299831673,46.9654887524,SOUTHERN_BRITTANY
REPHY,Ile d'Yeu,-2.3391459023,46.7223150139,SOUTHERN_BRITTANY
REPHY,Frandière,-2.1744809427,46.9163215412,SOUTHERN_BRITTANY
REPHY,Ile d'Yeu est,-2.293629,46.710655,SOUTHERN_BRITTANY
REPHY,La Sablaire,-2.3239791244,46.7291486838,SOUTHERN_BRITTANY
REPHY,Dunes de Brétignolles,-1.842746,46.590478,SOUTHERN_BRITTANY
REPHY,Remblai,-1.7842968531,46.4913158623,BAY_OF_BISCAY
REPHY,La Cotinière,-1.3251082364,45.9124741564,BAY_OF_BISCAY
REPHY,Fosse Loix,-1.4079503774,46.2276472339,BAY_OF_BISCAY
REPHY,La Passe des Esnandais (terre),-1.31541,46.3035,BAY_OF_BISCAY
REPHY,L'Eperon (terre),-1.23999333700977,46.2693399312656,BAY_OF_BISCAY
REPHY,La Carrelère,-1.2001132535,46.2299829522,BAY_OF_BISCAY
REPHY,Baie d'Yves (a),-1.11274,46.01737,BAY_OF_BISCAY
REPHY,Ile d'Aix,-1.15275,46.016405,BAY_OF_BISCAY
REPHY,Le Cornard,-1.130607923,46.0551463,BAY_OF_BISCAY
REPHY,Bouée des palles,-1.1597736854,45.992311184,BAY_OF_BISCAY
REPHY,Boyard,-1.2084407079,45.9686434253,BAY_OF_BISCAY
REPHY,St Froult,-1.1222713408,45.9201432603,BAY_OF_BISCAY
REPHY,Le Chapus (a),-1.1789375321,45.8534744213,BAY_OF_BISCAY
REPHY,Auger,-1.20527,45.799805,BAY_OF_BISCAY
REPHY,Teychan bis,-1.158577776,44.6736148046,BAY_OF_BISCAY
REPHY,Hossegor amont,-1.4300618057,43.6774239958,NA
REPHY,Point 1 Boulogne,1.5486581799,50.7531320816,NA
REPHY,Bassin Napoléon,1.5958266897,50.7239651237,NA
REPHY,Passerelle RO-RO,1.5674926782,50.7264648694,NA
REPHY,Salmona cage,-1.6238762573,49.6733982962,NA
REPHY,Pirou Bergerie Sud,-1.605166667,49.14666667,NA
REPHY,Bricqueville sud,-1.5775,48.91333333,NA
REPHY,Granville,-1.5983527691,48.8393764547,NA
REPHY,Pointe Agon sud,-1.602833333,48.99766667,NA
REPHY,Cancale nord (b),-1.8447347942,48.6762126503,NA
REPHY,Le Douron,-3.6420536352,48.6791813511,NA
REPHY,Beg Douar,-3.6155532845,48.6841817981,NA
REPHY,Locquemeau,-3.583380525,48.726148574999996,NA
REPHY,Port Diben,-3.8282245203,48.7081798487,NA
REPHY,Pont de la Corde,-3.9533002222,48.6455288889,NA
REPHY,Goaz ar Rous,-3.9425572402,48.6098426247,NA
REPHY,Baie de Lampaul,-5.1032403504,48.4491577943,NA
REPHY,Keramoal,-4.5717339631,48.5611670975,NA
REPHY,Le Guern,-4.3400588595,48.4056659834,NA
REPHY,Roscanvel (a),-4.5440600551,48.3151612408,NA
REPHY,Lanvéoc,-4.4588912557,48.2928283791,NA
REPHY,Quai Thephany,-4.5903931602,48.2763263744,NA
REPHY,Baie de Douarnenez,-4.3920532209,48.1633259518,NA
REPHY,Men Du,-3.8400329464,47.7733229083,SOUTHERN_BRITTANY
REPHY,Ile Tudy,-4.1708741903,47.8483208059,SOUTHERN_BRITTANY
REPHY,Pendruc,-3.8913687437,47.8319904089,SOUTHERN_BRITTANY
REPHY,Porsmoric (a),-3.5321438039,47.781966723850005,SOUTHERN_BRITTANY
REPHY,Port de Bélon,-3.705031568,47.8136588417,SOUTHERN_BRITTANY
REPHY,Rosbraz,-3.7441991302,47.8208252194,SOUTHERN_BRITTANY
REPHY,Kérivor Eau,-3.10869,47.56383,SOUTHERN_BRITTANY
REPHY,Kerisper,-3.02267,47.59215,SOUTHERN_BRITTANY
REPHY,Karrec-Rouz,-2.98516,47.5664,SOUTHERN_BRITTANY
REPHY,Le Guilvin,-2.9331778876,47.5701619583,SOUTHERN_BRITTANY
REPHY,Pornichet,-2.3480696111499997,47.25852409985,SOUTHERN_BRITTANY
REPHY,Estuaire (b),-2.227656024,47.2178282183,SOUTHERN_BRITTANY
REPHY,Joalland (a),-2.2214877992,47.1596602093,SOUTHERN_BRITTANY
REPHY,Pointe St Gildas (a),-2.2461544253,47.1396594397,SOUTHERN_BRITTANY
REPHY,St Jean de Mont,-2.0861428037,46.7856527558,SOUTHERN_BRITTANY
REPHY,Ecocéan,-1.5590839978,44.6281094387,BAY_OF_BISCAY
REPHY,Rochers verts,-1.8471334363,46.5791505631,SOUTHERN_BRITTANY
REPHY,Les Sables,-1.7932969712,46.489315713,BAY_OF_BISCAY
REPHY,Filière w,-1.376951,46.278149,BAY_OF_BISCAY
REPHY,Large Porge océan,-1.2910847142,44.8846179866,BAY_OF_BISCAY
REPHY,Large Cap Ferret,-1.3209131494,44.6322787997,BAY_OF_BISCAY
REPHY,Ouest Mimizan,-1.4424058742,44.1861012102,NA
REPHY,Large Capbreton,-1.481228678,43.6432560718,NA
REPHY,Point 1 Dunkerque,2.3334994588,51.0686501641,NA
REPHY,Antifer ponton pêche,0.151624,49.651367,BAY_OF_SEINE
REPHY,Pointe du Roc,-1.6195196786,48.8332093785,NA
REPHY,Port Saint Hubert,-1.97261637,48.53543816,NA
REPHY,Tour Solidor,-2.0266888084,48.634032753,NA
REPHY,Le Vallion,-1.9826868727,48.5930322119,NA
REPHY,Erquy,-2.4863643751,48.6406941644,NA
REPHY,Dahouët,-2.57168732,48.5803898,NA
REPHY,Le Légué - Pointe de Cesson,-3.1532301167499996,48.62765947725,NA
REPHY,Roche Jagu,-3.1485459837,48.7335220033,NA
REPHY,Tréguier pont,-3.2197154061,48.7856891611,NA
REPHY,Baie de Vierge,-3.5405531741,48.7305172217,NA
REPHY,Pors Nevez,-3.5222195387,48.7318508098,NA
REPHY,Ile Grande,-3.58595861,48.7948455,NA
REPHY,Treglonou,-4.5353997696,48.5536673496,NA
REPHY,Trevors,-4.6360690738,48.5836668838,NA
REPHY,St Fiacre,-4.5338924765,48.2883273588,NA
REPHY,Carrec Bouzen,-3.9430365242,47.8389899653,SOUTHERN_BRITTANY
REPHY,Galèze,-3.3158561447,47.7486618503,SOUTHERN_BRITTANY
REPHY,Le Pradic,-3.2067222222,47.65225,SOUTHERN_BRITTANY
REPHY,Roquenec,-3.20876,47.66636,SOUTHERN_BRITTANY
REPHY,Moulin Sach,-3.1876848723,47.6609945348,SOUTHERN_BRITTANY
REPHY,Bignac,-3.1898516129,47.6623278754,SOUTHERN_BRITTANY
REPHY,Houat,-2.94631509010016,47.406346294472065,SOUTHERN_BRITTANY
REPHY,Beaumer (b),-3.0336795589,47.5636606199,SOUTHERN_BRITTANY
REPHY,NE Dupuch,-3.0560125105,47.5328262683,SOUTHERN_BRITTANY
REPHY,Souris,-3.0196784628,47.5308266455,SOUTHERN_BRITTANY
REPHY,Plijadur,-3.0450137274,47.5881610884,SOUTHERN_BRITTANY
REPHY,Pointe Colomban,-3.0996806139,47.5578263685,SOUTHERN_BRITTANY
REPHY,Treho,-3.0135124342,47.5601607707,SOUTHERN_BRITTANY
REPHY,Buisson Méaban,-2.9746775514,47.5273270874,SOUTHERN_BRITTANY
REPHY,Truscat,-2.7550073488,47.5464967957,SOUTHERN_BRITTANY
REPHY,Chimère,-2.8988416626,47.4814935193,SOUTHERN_BRITTANY
REPHY,Penvins,-2.6680041174,47.4823295696,SOUTHERN_BRITTANY
REPHY,Cofreneau,-2.503667943,47.4896649976,SOUTHERN_BRITTANY
REPHY,Merquel,-2.46666444245,47.42102721335,SOUTHERN_BRITTANY
REPHY,Fromentine,-2.1409797443,46.89248802,SOUTHERN_BRITTANY
REPHY,Ecluse Gachère,-1.8464669128,46.5856507249,SOUTHERN_BRITTANY
REPHY,Brouage,-1.1251043345,45.9029761645,BAY_OF_BISCAY
REPHY,Mérignac,-1.1342708472,45.888809068,BAY_OF_BISCAY
REPHY,Perquis,-1.1767695443,45.797139813,BAY_OF_BISCAY
REPHY,Cotard,-1.1112678391,45.7751400337,BAY_OF_BISCAY
REPHY,Bouée de St Georges,-1.0184284369,45.5816366253,BAY_OF_BISCAY
REPHY,Arcachon - Bouée 7,-1.2637435339,44.5422774676,BAY_OF_BISCAY
REPHY,Hossegor,-1.4297141147999999,43.665828529600006,NA
REPHY,Pointe de St Quentin,1.52853333,50.2808,NA
REPHY,Dieppe,1.0528367467,49.9556039343,NA
REPHY,Jetée Dieppe,1.0848382579,49.9249367848,NA
REPHY,Dieppe 1 mille,1.052837178,49.9399368336,NA
REPHY,St Aubin Seine Maritime,0.8653344009,49.899100219,NA
REPHY,Bouée Carosse,0.0253285446,49.4842458575,BAY_OF_SEINE
REPHY,Deauville,0.0586658739,49.3619096055,BAY_OF_SEINE
REPHY,Grande Rade,-0.011339874,49.5212464351,BAY_OF_SEINE
REPHY,Ouistreham canal,-0.2756709313,49.2415691756,NA
REPHY,Luc 1 mille,-0.3291742868,49.3259041495,BAY_OF_SEINE
REPHY,Courseulles,-0.4618443566,49.3534033467,BAY_OF_SEINE
REPHY,Asnelles-Meuvaines,-0.5715131312,49.3504019897,BAY_OF_SEINE
REPHY,Pointe de la Percée,-0.9196666667,49.3906666667,BAY_OF_SEINE
REPHY,Port en Bessin 1 mille,-0.768517285,49.3588999194,BAY_OF_SEINE
REPHY,St Germain de Varreville,-1.2096952416,49.451730567,BAY_OF_SEINE
REPHY,Géfosse,-1.1073581894,49.3902301225,BAY_OF_SEINE
REPHY,St Vaast Sud,-1.2880331139,49.5593992028,BAY_OF_SEINE
REPHY,Reville 1 mille,-1.2170332054,49.6129014828,BAY_OF_SEINE
REPHY,Cap Lévi,-1.4562071654,49.704401124,BAY_OF_SEINE
REPHY,Le Tunard,-1.8265477309,49.7028966793,NA
REPHY,Gruchy,-1.7833799785,49.6943969646,NA
REPHY,Cherbourg Port,-1.6133763097,49.682565335,NA
REPHY,Donville,-1.6291867339,48.840709461,NA
REPHY,Hacqueville 1 mille,-1.5996856034,48.8198759298,NA
REPHY,Pors Even,-3.00358027,48.79892768,NA
REPHY,Moulin Blanc (a),-4.4295602242,48.3966646734,NA
REPHY,Filières Camaret,-4.5783931181,48.2826600115,NA
REPHY,Rostellec,-4.5273925142,48.293994246,NA
REPHY,Skividen,-4.2413738667,47.7883184866,SOUTHERN_BRITTANY
REPHY,Concarneau large,-3.949922,47.833406,SOUTHERN_BRITTANY
REPHY,Trénogoat,-3.64445721415,47.7861947755,SOUTHERN_BRITTANY
REPHY,Bailleron,-2.7471747009,47.5789976866,SOUTHERN_BRITTANY
REPHY,Poudrantais,-2.5013340223,47.4681644969,SOUTHERN_BRITTANY
REPHY,Pointe du But,-2.4001471204,46.7266477503,SOUTHERN_BRITTANY
REPHY,Port Joinville,-2.3481462364,46.7293150772,SOUTHERN_BRITTANY
REPHY,Anse du Piquet,-1.6496263509,46.4341493694,BAY_OF_BISCAY
REPHY,Jacquets,-1.1837458758,44.7192821954,BAY_OF_BISCAY
REPHY,Comprian (e),-1.099283,44.680217,BAY_OF_BISCAY
REPHY,Bif,1.5945957079,50.214967193,NA
REPHY,Fécamp digue,0.3634993899,49.765667432,BAY_OF_SEINE
REPHY,Fécamp 1 mille,0.3425004242,49.7730007236,BAY_OF_SEINE
REPHY,Estuaire de l'Orne,-0.2280326686,49.2795007433,BAY_OF_SEINE
REPHY,Baie de Seine - Zone 5,-0.2500094081,49.4499084056,BAY_OF_SEINE
REPHY,Hors Baie de Seine - Zone 8,-0.18584602370000003,49.616663665999994,BAY_OF_SEINE
REPHY,Hors Baie de Seine - Zone 9,0.0516576158,49.659417586000004,BAY_OF_SEINE
REPHY,Seine 1,0.02713430475,49.47412302435,BAY_OF_SEINE
REPHY,Baie de Seine - Zone 4,-0.5083488408,49.483322967199996,BAY_OF_SEINE
REPHY,Baie de Seine - Zone 3,-0.750020793,49.4999039252,BAY_OF_SEINE
REPHY,Utah,-1.1728336826,49.4216668616,BAY_OF_SEINE
REPHY,Morsalines,-1.2915,49.568,BAY_OF_SEINE
REPHY,La Hougue,-1.2805001139,49.57666809,BAY_OF_SEINE
REPHY,Gougins,-1.2430001592,49.4851677386,BAY_OF_SEINE
REPHY,Baie de Seine - Zone 1,-0.8583567465499999,49.5166531074,BAY_OF_SEINE
REPHY,Rade de Cherbourg,-1.6080422933,49.6620648454,NA
REPHY,Digue de Querqueville,-1.662568,49.672021,NA
REPHY,FLAM - Dielette,-1.91878,49.54697,NA
REPHY,Denneville,-1.6905001384,49.2883321977,NA
REPHY,Coudeville1 mille,-1.595167397,48.8896678072,NA
REPHY,Cherrueix 1,-1.691811,48.642014,NA
REPHY,Vieux plan Ouest,-1.7765173637,48.6342023629,NA
REPHY,Baie St Michel est 6,-1.6210160633,48.6973724898,NA
REPHY,Champeaux,-1.5958335548,48.7463323912,NA
REPHY,Cancale Est,-1.795166188,48.7015005548,NA
REPHY,Saint Michel,-1.551333848,48.6646674562,NA
REPHY,Mont St Michel 2007,-1.5078322152,48.6348321906,NA
REPHY,les Hébihens,-2.207224,48.643034,NA
REPHY,Saint-Quay,-2.790715,48.635213,NA
REPHY,Loguivy,-3.041866,48.828709,NA
REPHY,Roche Jagu aval confluent Leff - 22152E06,-3.14572,48.73359,NA
REPHY,Ledano-amont - 22152E07,-3.12114,48.76417,NA
REPHY,Les 7 Îles,-3.494027,48.870718,NA
REPHY,Trébeurden,-3.5826377666666667,48.7502978,NA
REPHY,St Pol large,-3.953362,48.700559,NA
REPHY,Estuaire (aval Pennelée) - MX12,-3.8589824092,48.6109186606,NA
REPHY,Chenal aval Locquenolé Dourduff - MX13,-3.8504644643,48.6307509356,NA
REPHY,Pont de la Corde - PZ05,-3.9506083373,48.6444084083,NA
REPHY,Aval Bourg - PZ01,-3.9349301386,48.5990691091,NA
REPHY,Argenton,-4.7708463746,48.519273615,NA
REPHY,Ouessant - cale de Porz Arlan,-5.049083,48.456178,NA
REPHY,Le Diouris - 29AW03,-4.4531854259,48.5707021132,NA
REPHY,Aval anse de Keradraon - 29AW09,-4.4947698183,48.581928559,NA
REPHY,Aval Moulin de l'Enfer - AW11,-4.5265590871,48.5950668386,NA
REPHY,Trémazan en Landunvez,-4.717099,48.558068,NA
REPHY,Pointe St Yves - 29EL14,-4.3461222878,48.4051442302,NA
REPHY,Aval la grande Palud - 29EL12,-4.2864837221,48.4360140629,NA
REPHY,Anse de Kerhuon - EL15,-4.3772110518,48.4004154016,NA
REPHY,Le Passage (d),-4.3810658983,48.3922501495,NA
REPHY,Lanvéoc large,-4.44852,48.309405,NA
REPHY,Aval Guily Glaz - 29AL33,-4.1071376223,48.2074904859,NA
REPHY,Aval confluence Douffine - 29AL36,-4.1218055622,48.2449179131,NA
REPHY,Pont de Terenez - 29AL38,-4.2623570695,48.2686284803,NA
REPHY,Kervel large,-4.298194,48.10991,NA
REPHY,Pont d'Audierne - 29GY05,-4.5348537097,48.0246274522,NA
REPHY,Face moulin marée - 29PA16,-4.2119837554,47.8671007763,SOUTHERN_BRITTANY
REPHY,Cale de Rosquemo - 29PA17,-4.1952131964,47.8573024024,SOUTHERN_BRITTANY
REPHY,Pouldon SE Ile Chevalier - PA20,-4.1742759501,47.8495407952,SOUTHERN_BRITTANY
REPHY,Aval port Corniguel - 29OD08,-4.0989160743,47.9681429602,SOUTHERN_BRITTANY
REPHY,Phare du Coq - 29OD16,-4.1168855863,47.8746621012,SOUTHERN_BRITTANY
REPHY,Face anse Kergourlet - 29AV04,-3.7476530702,47.8415656904,SOUTHERN_BRITTANY
REPHY,Moulin mer - 29BE08,-3.6394307796,47.8288583301,SOUTHERN_BRITTANY
REPHY,Estuaire amont Isle - 29BE26,-3.6996916205,47.8193457123,SOUTHERN_BRITTANY
REPHY,Estuaire face porte neuve - 29BE28,-3.682618056,47.8223043216,SOUTHERN_BRITTANY
REPHY,Pont St Maurice - 29LA03,-3.5229145148,47.7975306059,SOUTHERN_BRITTANY
REPHY,Cost er Lann - 29LA05,-3.5293783528,47.8123558955,SOUTHERN_BRITTANY
REPHY,Queblen - 29LA11,-3.5423164081,47.8564351655,SOUTHERN_BRITTANY
REPHY,Amont port Kerdruc Rosbras - 29AV02,-3.7449174588,47.8201501942,SOUTHERN_BRITTANY
REPHY,Lorient 16,-3.428251,47.666741,SOUTHERN_BRITTANY
REPHY,Citadelle - 56B600,-3.3671627909,47.7119153379,SOUTHERN_BRITTANY
REPHY,Aval Le Scav - 56B510,-3.3878872358,47.8042290379,SOUTHERN_BRITTANY
REPHY,Saint Christophe - 56B530,-3.3633123302,47.7610332614,SOUTHERN_BRITTANY
REPHY,Pont du Bonhomme - 56B480,-3.3041429866,47.7636190247,SOUTHERN_BRITTANY
REPHY,Rade de Lorient - 56B560,-3.3520948008,47.7356927687,SOUTHERN_BRITTANY
REPHY,Ban-Gavres,-3.35,47.701,SOUTHERN_BRITTANY
REPHY,Etel - Pierres noires,-3.241081,47.588262,SOUTHERN_BRITTANY
REPHY,Aval Pont Lorois - 56ET16,-3.1986870799,47.6741747297,SOUTHERN_BRITTANY
REPHY,Taillefer,-3.133189,47.403454,SOUTHERN_BRITTANY
REPHY,Le Moustoir,-2.955517,47.60175,SOUTHERN_BRITTANY
REPHY,Aval Port Anna,-2.780367,47.620167,SOUTHERN_BRITTANY
REPHY,Le Passage - Noyalo,-2.722733,47.588833,SOUTHERN_BRITTANY
REPHY,Nord Dumet,-2.6565833428,47.4600674904,SOUTHERN_BRITTANY
REPHY,Bonen du Four,-2.65462,47.308548,SOUTHERN_BRITTANY
REPHY,Aval Le Diben - 56V500,-2.636617,47.508967,SOUTHERN_BRITTANY
REPHY,Aval Tréhiguier - 56V100,-2.445048691,47.4961341719,SOUTHERN_BRITTANY
REPHY,Le Petit Sécé - 56V120,-2.4918531482,47.5063672122,SOUTHERN_BRITTANY
REPHY,Pointe St Gildas large,-2.26777,47.134749,SOUTHERN_BRITTANY
REPHY,Saint-Nazaire - 44 L029 (149200),-2.1699917515,47.2898606396,SOUTHERN_BRITTANY
REPHY,Cordemais - 44 L028 (148500),-1.899666365,47.2751483955,SOUTHERN_BRITTANY
REPHY,Indre - 44 L015 (148000),-1.6745985245,47.1952990276,SOUTHERN_BRITTANY
REPHY,Ste Luce - 44L014 (137000),-1.4675724193,47.2402191603,NA
REPHY,Saint Géréon - 44 L013 (136600),-1.2050420021,47.3564550133,NA
REPHY,Bois de la Chaise large,-2.199438,47.019077,SOUTHERN_BRITTANY
REPHY,Coupelasse large,-2.0608516,47.04212,SOUTHERN_BRITTANY
REPHY,Yeu large,-2.3574691522,46.7737210278,SOUTHERN_BRITTANY
REPHY,Large pointe grosse terre,-2.040599,46.632903,SOUTHERN_BRITTANY
REPHY,Vert Bois 2,-1.290219444,45.84061389,BAY_OF_BISCAY
REPHY,Pont du Brault - S86,-1.0824814263,46.3169696498,BAY_OF_BISCAY
REPHY,Nord Saumonards,-1.2778828451,46.00594685,BAY_OF_BISCAY
REPHY,Les Fontenelles,-1.1111240789,45.9759963468,BAY_OF_BISCAY
REPHY,Côte Sauvage,-1.280463889,45.72652222,BAY_OF_BISCAY
REPHY,La Palmyre,-1.168833,45.659108335,BAY_OF_BISCAY
REPHY,Gironde - PK52 DCE,-0.726251,45.2456,BAY_OF_BISCAY
REPHY,Gironde - PK 86,-0.951261,45.5156,BAY_OF_BISCAY
REPHY,Capbreton,-1.4666976781,43.65639491655,NA
REPHY,Saint Jean de Luz,-1.6744606734,43.4101158753,NA
REPHY,Txingudi,-1.7810948709,43.360713725,NA
REPHY,Adour 2,-1.5150436017,43.5282200039,NA
REPHY,Tombelaine,-1.51529973848321,48.6512995373164,NA
REPHY,Aber Wrac'h 1,-4.5597347929,48.5990015347,NA
REPHY,Ouessant - Youc'h korz,-5.115,48.45,NA
REPHY,Sillon des Anglais,-4.2717213217,48.2963307283,NA
REPHY,Pointe Ste Barbe,-4.580702,48.282938,NA
REPHY,Rivière de Daoulas,-4.294444,48.343056,NA
REPHY,Amont pont du Guily - 29BE07,-3.6498471132569,47.8227680547174,SOUTHERN_BRITTANY
REPHY,Nord Ouest Levi,-1.48708308187489,49.7091329712331,BAY_OF_SEINE
REPHY,Ouest Lingreville,-1.61084992959164,48.9514001207001,NA
REPHY,Basse Michaud,-2.5833333333,47.2291666667,SOUTHERN_BRITTANY
REPHY,Saint Laurent,-2.718444,48.545406,NA
REPHY,Pointe du Château,-4.3193898959,48.3349977897,NA
REPHY,Jetée d'Eyrac,-1.1637443434,44.6646145518,BAY_OF_BISCAY
REPHY,Port Vendres,3.1407108476,42.5121136826,NA
REPHY,Banyuls-Sola,3.1449996874,42.488333241,NA
REPHY,Barcares,3.057233,42.874567,NA
REPHY,Filières de Gruissan,3.1345334178,43.0981257299,NA
REPHY,Filières de Fleury d'Aude,3.2480343484,43.1654616021,NA
REPHY,Parc Leucate 2,3.014656216106383,42.87315327264681,NA
REPHY,Grau Leucate,3.028153119,42.880920938133336,NA
REPHY,Salses-Leucate,3.0152030459,42.8124519387,NA
REPHY,Coudalère,3.030870092,42.8079520004,NA
REPHY,LAP - La Palme,3.0067000625,42.9667883871,NA
REPHY,Etang de l'Ayrolle,3.0686993616,43.0691244702,NA
REPHY,Milieu bages,3.0020313402,43.0736239034,NA
REPHY,Bages-Mahon,3.0038645916,43.0799573874,NA
REPHY,Etang du Grazel,3.1168662074,43.1092924558,NA
REPHY,Etang de Gruissan - Ouest,3.0831989066,43.1087921117,NA
REPHY,Etang du Grazel Ouest,3.106733,43.106517,NA
REPHY,Sète mer,3.7006861111,43.3892333,GULF_OF_LION
REPHY,Le Grau du Roi,4.0933773495,43.5283110091,GULF_OF_LION
REPHY,Espiguette,4.115774666666667,43.4983155,GULF_OF_LION
REPHY,Agde,3.5209328718,43.2589662754,GULF_OF_LION
REPHY,Aigues-Mortes,4.07380004023335,43.5404998994166,GULF_OF_LION
REPHY,Filières des Aresquiers,3.85573,43.44318,GULF_OF_LION
REPHY,Bouzigues (a),3.6642597429642856,43.436953268864286,GULF_OF_LION
REPHY,Marseillan (a),3.55397449344375,43.36504962005625,GULF_OF_LION
REPHY,Marseillan large,3.5563700817,43.3566353691,GULF_OF_LION
REPHY,Mourre-Blanc large,3.5970366659,43.4034701042,GULF_OF_LION
REPHY,Bouzigues (c),3.6497037463,43.4361379903,GULF_OF_LION
REPHY,Port de Loupian (b),3.6382035945,43.4323044612,GULF_OF_LION
REPHY,Mèze zone a,3.6253701425,43.4253041845,GULF_OF_LION
REPHY,Mèze zone b,3.5855365732,43.3964698409,GULF_OF_LION
REPHY,Montpenèdre (b),3.5713698831,43.3829694125,GULF_OF_LION
REPHY,Mèze lagunage,3.5935363812,43.4151369857,GULF_OF_LION
REPHY,Roquerols,3.6702042649,43.4296380535,GULF_OF_LION
REPHY,Thau - Crique de l'Angle,3.6705372762,43.447305102,GULF_OF_LION
REPHY,Etang du Prévost,3.9096124999999997,43.5211195,GULF_OF_LION
REPHY,Ingril sud,3.7738728247,43.4361392155,GULF_OF_LION
REPHY,Rousty,4.494486,43.457109,GULF_OF_LION
REPHY,Stes Maries 5,4.4432190083,43.4493127255,GULF_OF_LION
REPHY,Courbe,4.695475,43.3486185,GULF_OF_LION
REPHY,Ponant embouchure,4.1007102945,43.5569783674,GULF_OF_LION
REPHY,Comète,4.2397147006,43.466144435,GULF_OF_LION
REPHY,Carteau 14,4.8792288294,43.38281552,GULF_OF_LION
REPHY,Antoine,4.8457282509,43.378148429,GULF_OF_LION
REPHY,Carteau 1,4.8745619704,43.3883155936,GULF_OF_LION
REPHY,Carteau 64,4.9012293407,43.3786489758,GULF_OF_LION
REPHY,Grand Rhône,4.8026672593,43.3858331785,GULF_OF_LION
REPHY,Anse de Carteau 2,4.88429,43.37678,GULF_OF_LION
REPHY,Fos,4.95058036612352,43.3506497686582,GULF_OF_LION
REPHY,Jai,5.1634005918,43.4129855772,GULF_OF_LION
REPHY,Varage,5.0225634318,43.4694854461,GULF_OF_LION
REPHY,Chamas,5.0733967631,43.5251538132,GULF_OF_LION
REPHY,Vitrolles,5.2277342598,43.4653206647,GULF_OF_LION
REPHY,Berre sud,5.1063326897,43.4185001478,GULF_OF_LION
REPHY,Couronne,5.0530666765,43.3238159226,GULF_OF_LION
REPHY,18A - Carry,5.1591671497,43.3220002361,GULF_OF_LION
REPHY,Endoume,5.2916662264,43.2416664416,GULF_OF_LION
REPHY,Bain des Dames,5.3621676597,43.2400004127,GULF_OF_LION
REPHY,Morgiret - Frioul,5.3048324181,43.2828324539,GULF_OF_LION
REPHY,Endoume plage,5.3497733627,43.2800761576,GULF_OF_LION
REPHY,Cap Canaille,5.5528323998,43.187332763,GULF_OF_LION
REPHY,21E - ile embiez,5.7378330309,43.0778338339,GULF_OF_LION
REPHY,Cortiou,5.380869,43.1964081673707,GULF_OF_LION
REPHY,Lazaret (a),5.9064212393,43.0873189621,GULF_OF_LION
REPHY,Anse Méjean,5.9726672172,43.1073333493,GULF_OF_LION
REPHY,Oursinières,5.9999995613,43.1000001158,GULF_OF_LION
REPHY,Bregaillon,5.8854205051,43.1051524801,GULF_OF_LION
REPHY,Mourillon (a),5.9325879538,43.1144864587,GULF_OF_LION
REPHY,22B - Toulon gde rade,5.9546673528,43.0789992381,GULF_OF_LION
REPHY,Ile du soleil,6.4196678298,43.0148322181,NA
REPHY,Bouye,6.6671000967,43.2688300173,NA
REPHY,27B - Frejus est,6.9048322696,43.4221672533,NA
REPHY,Villefranche,7.3156061302,43.6840118704,NA
REPHY,29E - Antibes sud,7.14415007040836,43.5606165761416,NA
REPHY,Cap Corse,9.4778331303,42.9908326994,NA
REPHY,Sud Bastia,9.4911673822,42.6411668685,NA
REPHY,Littoral Bastiais,9.46304968819152,42.6758298129149,NA
REPHY,BIS - Biguglia sud,9.4858333015,42.5765004279,NA
REPHY,Diana mer,9.5723451755,42.1489987333,NA
REPHY,Diana centre,9.53070901755,42.12965670625,NA
REPHY,Urbino Radeau,9.4726779591,42.0504958029,NA
REPHY,Etang d'Urbino - Centre,9.63667965035,42.0615062329,NA
REPHY,Palu,9.4087,41.94654,NA
REPHY,Manza,9.2196824676,41.413647166,NA
REPHY,Pointe Sant'Amanza,9.2658331823,41.4291662087,NA
REPHY,Golfe de Porto Vecchio,9.31058941862804,41.6096952323476,NA
REPHY,Golfe de Sant'Amanza 1,9.23259203379601,41.4202504526252,NA
REPHY,Pianotolli,9.0606784149,41.4656468575,NA
REPHY,Campomoro,8.8158374939,41.6334814959,NA
REPHY,Pianottoli - Bruzzi,9.0233161374,41.4553996619,NA
REPHY,Capitello  2,8.757332202,41.8973197457,NA
REPHY,Calvi,8.7255006828,42.5805005138,NA
REPHY,Cargèse,8.5943335774,42.1263330829,NA
REPHY,Goulet de Bonifacio,9.1533101991551,41.3900301750151,NA
REPHY,Golfe de Saint Florent,9.3084902434118,42.7081804465902,NA
REPHY,Bande littorale Aude - Nord de Port La Nouvelle 1,3.131617171555018,43.116533482196736,NA
REPHY,Avant port de Leucate - Sud,3.0322355053964287,42.861805348778574,NA
REPHY,Etang de l'Ayrolle - Grau,3.0753465,43.06028225,NA
REPHY,Marseillan plage-est,3.5617219444444443,43.321713055555556,GULF_OF_LION
REPHY,Le Grand Travers Ouest,4.036375335985714,43.55602550350714,GULF_OF_LION
REPHY,Creusot,3.702637,43.420926,GULF_OF_LION
REPHY,Listel,3.61106341,43.38875155,GULF_OF_LION
REPHY,Etang de Vic - Puech Long,3.8435,43.505683,GULF_OF_LION
REPHY,Etang de Vic - Passe,3.8210924528301886,43.468350150943394,GULF_OF_LION
REPHY,Etang du Ponant - VVF,4.101667,43.559067,GULF_OF_LION
REPHY,Le Bouquet,5.12263025548179,43.4892898813116,GULF_OF_LION
REPHY,Le Jaï,5.15436028968014,43.4081301548984,GULF_OF_LION
REPHY,Massane,5.0209404546369,43.4687095151881,GULF_OF_LION
REPHY,BIN - Biguglia nord,9.4523333281,42.6351664007,NA
SOMLIT,Eyrac,-1.14313,44.6641,BAY_OF_BISCAY
SOMLIT,Sola,3.145,42.4883,NA
SOMLIT,Portzic,-4.552,48.3589,NA
SOMLIT,pk 86,-0.95,45.5167,BAY_OF_BISCAY
SOMLIT,pk 52,-0.725,45.2467,BAY_OF_BISCAY
SOMLIT,pk 30,-0.63833,45.0683,BAY_OF_BISCAY
SOMLIT,Frioul,5.29167,43.2417,GULF_OF_LION
SOMLIT,Estacade,-3.98278,48.7322,NA
SOMLIT,Point B,7.31667,43.6833,NA
SOMLIT,Point C,1.52139,50.6875,NA
SOMLIT,Point L,1.41667,50.6875,NA
SOMLIT,Astan,-3.9375,48.7778,NA
SOMLIT,Bouee 13,-1.2377,44.6334,BAY_OF_BISCAY
SOMLIT,Comprian,-1.10207,44.6782,BAY_OF_BISCAY
SOMLIT,Luc-sur-Mer,-0.346606,49.3188,BAY_OF_SEINE
SOMLIT,Bizeux,-2.03333,48.6333,NA
SOMLIT,Antioche,-1.30833,46.0842,BAY_OF_BISCAY
SOMLIT,Le Buron,-2.06778,48.6589,NA
SOMLIT,Smile,-0.333041,49.337,BAY_OF_SEINE
SOMLIT,Cézembre,-2.06722,48.6861,NA
SOMLIT,Sete,3.66167,43.3267,GULF_OF_LION
SOMLIT,Lanvéoc,-4.453,48.2942,NA
